{
    "loss": 0.3027428686618805,
    "accuracy": 0.9482758641242981
}